{
	"configuration": "HDR_12bit_temp_-25",
	"temperature": -25.004066467285156,
	"exposure_times": [1, 2, 3, 4, 5, 6, 7, 8, 9, 10],
	"mean_dark_current": [100.60483, 101.12271, 101.743866, 102.26102, 103.07137, 103.408226, 104.12292, 104.71268, 105.31848, 105.950806],
	"gradient": 0.595459400523794,
	"offset": 99.95666351318354
}
