{
	"configuration": "FFR_12bit_temp_-25",
	"temperature": -25.004066467285156,
	"exposure_times": [1, 2, 3, 4, 5, 6, 7, 8, 9, 10],
	"mean_dark_current": [99.429474, 100.49645, 101.512695, 102.636406, 104.02711, 105.094215, 106.21964, 107.47446, 108.68036, 109.79865],
	"gradient": 1.1650641239050654,
	"offset": 98.12909342447915
}
