{
    "temperature": [
        30.0,
        25.0,
        20.0,
        15.0,
        10.0,
        5.0,
        0.0,
        -5.0,
        -10.0,
        -15.0,
        -20.0
    ],
    "slopes": [
        0.120056,
        0.053283,
        0.02468,
        0.01203,
        0.005611,
        0.002668,
        0.001178,
        0.000614,
        0.000295,
        0.000184,
        0.000105
    ]
}