{"temperature": [-55, -50, -45, -40, -35, -30, -25, -20, -15, -10, -5, 0, 5, 10, 15], "slopes": [1.8680309281410956, 2.0018182706300336, 2.116838215539166, 2.2425496107617, 2.359989831603261, 2.494075146373346, 2.6570544555292517, 2.797765180124735, 2.9841833469840924, 3.3380641987638704, 3.7384384005029823, 4.381264550139838, 5.561086322857909, 7.662755511106276, 11.944975324943819]}