{
    "temperature": [
        17.4034,
        14.5481,
        13.3578,
        11.6744,
        9.99088,
        8.30742,
        6.62395,
        4.94959,
        3.25701,
        1.57354,
        -0.0939,
        -1.7934,
        -3.4769,
        -5.1403,
        -6.8438,
        -8.5273,
        -10.196,
        -11.894,
        -13.578,
        -15.261,
        -16.945,
        -18.628,
        -20.051
    ],
    "slopes": [
        0.02693,
        0.01811,
        0.01557,
        0.01285,
        0.01043,
        0.00864,
        0.00721,
        0.00594,
        0.00505,
        0.00433,
        0.00362,
        0.00296,
        0.00235,
        0.00181,
        0.00156,
        0.00143,
        0.0013,
        0.00111,
        0.00083,
        0.00066,
        0.00059,
        0.00059,
        0.000434
    ]
}