{
    "temperature": [
        28.10972299,
        25.38824376,
        22.66676453,
        19.94538473,
        17.22400492,
        14.50252569,
        11.78124532,
        9.059799235,
        6.338237146,
        3.616575627,
        0.894781535,
        -1.826763982,
        -4.548143783,
        -7.269507013,
        -10.04476125,
        -12.71147118,
        -15.43246983,
        -18.15388277
    ],
    "slopes": [
        0.102501,
        0.070996011,
        0.049174479,
        0.033565994,
        0.022911803,
        0.015869567,
        0.010675267,
        0.00735816,
        0.005158975,
        0.003670318,
        0.002662597,
        0.001862267,
        0.001271164,
        0.000865573,
        0.00057602,
        0.000358802,
        0.000231573,
        0.000158841
    ]
}