{
	"configuration": "FFR_12bit_temp_-25",
	"temperature": -24.953208923339844,
	"exposure_times": [9.728e-05, 0.00030248, 0.00050768, 0.00069236, 0.00089756, 0.00110276, 0.00159524, 0.00210824, 0.00260072, 0.0030932, 0.0036062, 0.00409868, 0.00459116, 0.00510416, 0.00559664, 0.0061096399999999995, 0.0066021199999999995, 0.0070945999999999995, 0.0076076, 0.008100079999999999, 0.008592559999999999, 0.00910556, 0.00959804, 0.01011104, 0.011096, 0.01210148, 0.01310696, 0.01409192, 0.0150974, 0.01610288, 0.01710836, 0.01809332, 0.0190988, 0.02010428, 0.021109759999999998, 0.022094719999999998, 0.0231002, 0.02410568, 0.02511116, 0.02609612, 0.0271016, 0.02810708, 0.02909204, 0.03009752, 0.031103, 0.03210848, 0.03309344, 0.03409892, 0.0351044, 0.03610988, 0.03709484, 0.03810032],
	"corrected_counts": [20.46392822265625, 47.359375, 75.48306274414062, 101.3363037109375, 130.138671875, 158.82083129882812, 226.44049072265625, 297.0885314941406, 364.8889465332031, 432.2087097167969, 502.4834289550781, 569.6140441894531, 637.2148742675781, 708.2904357910156, 775.7125549316406, 846.2021789550781, 912.8396301269531, 981.1144104003906, 1050.1336975097656, 1117.4859924316406, 1185.1649475097656, 1257.6273498535156, 1325.4413146972656, 1395.7055969238281, 1529.3503723144531, 1666.5794982910156, 1807.0304260253906, 1939.8592834472656, 2077.8898010253906, 2217.6109924316406, 2354.5074768066406, 2490.9117736816406, 2628.8522033691406, 2760.7706604003906, 2902.3844299316406, 3034.7850646972656, 3170.7770080566406, 3313.9872131347656, 3452.7513732910156, 3578.3102111816406, 3720.1910705566406, 3857.8111877441406, 3962.8094787597656, 3994.4000549316406, 3996.1573791503906, 3996.1705627441406, 3996.1705627441406, 3996.1705627441406, 3996.1705627441406, 3996.1705627441406, 3996.1705627441406, 3996.1705627441406],
	"corrected_variance_sqr": [28.777468234119958, 75.26634564564199, 133.11110324087247, 178.48539363526547, 228.32590607817735, 272.1159565309615, 373.0852885510893, 495.64610171029096, 602.3145634154761, 703.0826101350219, 814.1938943258616, 920.2510555774177, 1020.9135137302991, 1126.3647049020697, 1229.4117445932325, 1333.8979073005585, 1444.9688287152649, 1562.6974486694571, 1670.1127265677687, 1785.4495395072631, 1909.8380172017464, 2036.7991019883093, 2138.0187523192913, 2228.0309615845513, 2403.1605181341192, 2683.951639813477, 2754.6922061650735, 3037.908203212534, 3304.3985982944914, 3454.2712017684435, 3649.456214378694, 4054.446001776978, 3984.9198472041353, 4542.678314745444, 4739.599069168897, 4668.609450862529, 5278.140653783008, 5605.5596635963475, 5546.360899792159, 5683.1476115197775, 5926.847586937965, 5819.31230591868, 2293.0934957848117, 101.28014833875645, -7.529852607436624, -8.149094763031222, -8.149301232780203, -8.149301232780203, -8.149301232780203, -8.149301232780203, -8.149301232780203, -8.149301232780203],
	"Gradient": 1.572306328793285,
	"Offset": 18.524088119108082,
	"saturation_grey_value": 3720.1910705566406,
	"variance_sqr_saturation_grey": 5926.847586937965,
	"CameraSensitivity": 0.6360083793388283,
	"Linearitygradient": 137089.46756211433,
	"LinearityOffset": 8.276639311011051,
	"LinearityError": 0.09893444673339391
}
