{
	"configuration": "HDR_12bit_temp_-25",
	"temperature": -25.054931640625,
	"exposure_times": [9.156e-05, 0.00029676, 0.00050196, 0.00070716, 0.00089184, 0.00109704, 0.00161004, 0.00210252, 0.002595, 0.003108, 0.00360048, 0.0040929600000000005, 0.00460596, 0.00509844, 0.00559092, 0.00610392, 0.0065964, 0.0071094, 0.00760188, 0.008094359999999998, 0.00860736, 0.00909984, 0.00959232, 0.01010532, 0.011110799999999999, 0.012095759999999999, 0.01310124, 0.01410672, 0.01509168, 0.01609716, 0.01710264, 0.01810812, 0.01909308, 0.020098559999999998, 0.021104039999999998, 0.02210952, 0.02309448, 0.02409996, 0.02510544, 0.02611092, 0.02709588, 0.02810136, 0.02910684, 0.0300918, 0.031097279999999998, 0.03210276, 0.03310824, 0.0340932, 0.03509868, 0.036104159999999996, 0.03710964, 0.0380946, 0.03910008, 0.04010556, 0.04111104, 0.042096, 0.04310148, 0.04410696, 0.04509192, 0.0460974, 0.04710288, 0.048108359999999996, 0.04909332, 0.0500988, 0.05110428, 0.05210976, 0.05309472, 0.0541002, 0.05510568, 0.05611116, 0.05709612, 0.058101599999999996, 0.05910708, 0.06009204, 0.06109752, 0.062103, 0.06310848000000001, 0.06409344, 0.06509892, 0.06610440000000001, 0.06710988000000001, 0.06809484, 0.06910032, 0.07010580000000001, 0.07109076, 0.07209624, 0.07310172000000001, 0.07410720000000001, 0.07509216, 0.07609764000000001, 0.07710312000000001, 0.0781086, 0.07909356000000001, 0.08009904000000001, 0.08110452000000001, 0.08211, 0.08309496000000001, 0.08410044000000001, 0.08510592, 0.08609088000000001, 0.08709636000000001, 0.08810184, 0.08910732, 0.09009228000000001, 0.09109776, 0.09210324, 0.09310872, 0.09409368000000001, 0.09509916, 0.09610464, 0.09711012000000001, 0.09809508, 0.09910056, 0.10010604000000001, 0.11009928000000001, 0.12009252000000001, 0.13010628000000002, 0.14009952, 0.15009276000000002, 0.16010652, 0.17009976000000002, 0.180093, 0.19010676, 0.2001, 0.21009324000000001, 0.220107, 0.23010024, 0.24009348, 0.25010724, 0.26010048, 0.27009372, 0.28010748, 0.29010072000000003, 0.30009396, 0.31010772000000003, 0.32010096, 0.3300942, 0.34010796, 0.3501012, 0.36009444, 0.3701082, 0.38010144, 0.39009468, 0.40010844, 0.41010168, 0.42009492, 0.43010868, 0.44010192, 0.45009516, 0.46010892000000003, 0.47010216, 0.4800954, 0.49010916, 0.5001024000000001, 0.51009564, 0.5201094, 0.53010264, 0.54009588, 0.55010964, 0.56010288],
	"corrected_counts": [17.81841278076172, 49.336280822753906, 81.3565444946289, 112.64456939697266, 140.87737274169922, 172.1708755493164, 250.49481964111328, 325.5913772583008, 401.0952835083008, 478.9751663208008, 553.7370071411133, 628.545783996582, 708.0591506958008, 782.065315246582, 856.5068435668945, 935.1762771606445, 1010.3505935668945, 1090.5756912231445, 1166.2378005981445, 1240.8488845825195, 1320.011848449707, 1395.3918533325195, 1469.186164855957, 1545.991096496582, 1699.0622634887695, 1868.0019607543945, 2036.1772537231445, 2183.5815505981445, 2328.4438552856445, 2475.1281814575195, 2620.4829177856445, 2771.4641189575195, 2927.7368240356445, 3080.7089920043945, 3230.9619216918945, 3387.0520095825195, 3534.7475662231445, 3692.0693435668945, 3844.9502029418945, 3996.0195388793945, 4147.5371170043945, 4295.9209060668945, 4455.9267654418945, 4600.9482498168945, 4749.5322341918945, 4906.2719802856445, 5058.6147537231445, 5204.6875076293945, 5358.2461013793945, 5517.4301834106445, 5682.9843826293945, 5831.6582107543945, 5977.4169998168945, 6132.5200271606445, 6295.3886795043945, 6453.5131912231445, 6598.7002029418945, 6754.7636795043945, 6910.6547927856445, 7064.3544998168945, 7217.6621170043945, 7367.1025466918945, 7509.0117263793945, 7658.6069412231445, 7815.8144607543945, 7970.3652420043945, 8132.8554763793945, 8280.728523254395, 8435.517585754395, 8587.324226379395, 8717.294929504395, 8867.197273254395, 9016.474617004395, 9170.801765441895, 9315.786140441895, 9468.951179504395, 9635.217781066895, 9770.588874816895, 9924.167976379395, 10091.875984191895, 10229.250007629395, 10386.462898254395, 10551.682624816895, 10697.269538879395, 10839.343757629395, 10999.916999816895, 11146.333992004395, 11308.517585754395, 11482.739265441895, 11630.553718566895, 11788.928718566895, 11944.716804504395, 12072.568367004395, 12233.226570129395, 12384.839851379395, 12534.733406066895, 12687.054695129395, 12858.267585754395, 13000.263679504395, 13122.977546691895, 13310.384773254395, 13447.790046691895, 13606.836921691895, 13749.119148254395, 13914.370124816895, 14069.346687316895, 14230.605476379395, 14384.746101379395, 14536.496101379395, 14683.982429504395, 14811.752937316895, 14967.763679504395, 15141.009773254395, 15269.062507629395, 16799.250007629395, 18336.515632629395, 19821.683601379395, 21371.289070129395, 22856.609382629395, 24429.808601379395, 25943.623054504395, 27480.503913879395, 28984.765632629395, 30511.179695129395, 32051.880867004395, 33520.578132629395, 35077.515632629395, 36581.441413879395, 38182.570320129395, 39748.460945129395, 41225.875007629395, 42739.117195129395, 44290.406257629395, 45822.281257629395, 47356.617195129395, 48861.882820129395, 50419.113288879395, 51917.867195129395, 53427.921882629395, 54992.210945129395, 56396.710945129395, 58030.550788879395, 59477.609382629395, 61031.132820129395, 62667.824226379395, 64223.484382629395, 65414.718757629395, 65434.734382629395, 65434.734382629395, 65434.734382629395, 65434.734382629395, 65434.734382629395, 65434.734382629395, 65434.734382629395, 65434.734382629395, 65434.734382629395, 65434.734382629395, 65434.734382629395, 65434.734382629395, 65434.734382629395],